<?xml version="1.0" encoding="utf-8"?>
<Defs>
  <PawnKindDef Abstract="True" ParentName="OutlanderBase" Name="MinoSettlerBase">
    <race>MinotaurRace</race>
    <initialWillRange>3~5</initialWillRange>
    <initialResistanceRange>13~20</initialResistanceRange>
  </PawnKindDef>

  <PawnKindDef ParentName="MinoSettlerBase">
    <defName>Minotaur_Bandit</defName>
    <label>bandit</label>
    <combatPower>35</combatPower>
    <itemQuality>Poor</itemQuality>
    <isFighter>true</isFighter>
    <gearHealthRange>
      <min>0.3</min>
      <max>2.0</max>
    </gearHealthRange>
    <weaponTags>
      <li>SimpleGun</li>
      <li>GrenadeDestructive</li>
      <li>NeolithicRangedBasic</li>
    </weaponTags>
    <apparelTags>
      <li>Outlander</li>
    </apparelTags>
    <weaponMoney>
      <min>150</min>
      <max>250</max>
    </weaponMoney>
    <apparelMoney>
      <min>200</min>
      <max>400</max>
    </apparelMoney>
    <apparelRequired>
      <li>VFES_Headgear_Bandana</li>
    </apparelRequired>
  </PawnKindDef>

  <PawnKindDef ParentName="MinoSettlerBase">
    <defName>Minotaur_BountyHunter</defName>
    <label>bounty hunter</label>
    <combatPower>66</combatPower>
    <isFighter>true</isFighter>
    <gearHealthRange>
      <min>1</min>
      <max>2</max>
    </gearHealthRange>
    <apparelTags>
      <li>Outlander</li>
      <li>IndustrialMilitaryBasic</li>
    </apparelTags>
    <apparelMoney>
      <min>400</min>
      <max>600</max>
    </apparelMoney>
    <weaponTags>
      <li>Gun</li>
      <li>Revolver</li>
    </weaponTags>
    <weaponMoney>
      <min>300</min>
      <max>600</max>
    </weaponMoney>
    <apparelRequired>
      <li>VFES_Headgear_Sombrero</li>
    </apparelRequired>
  </PawnKindDef>

  <PawnKindDef ParentName="MinoSettlerBase">
    <defName>Minotaur_Outlaw</defName>
    <label>outlaw</label>
    <combatPower>50</combatPower>
    <isFighter>true</isFighter>
    <gearHealthRange>
      <min>0.6</min>
      <max>2</max>
    </gearHealthRange>
    <apparelTags>
      <li>IndustrialMilitaryBasic</li>
      <li>Outlander</li>
    </apparelTags>
    <apparelMoney>
      <min>400</min>
      <max>600</max>
    </apparelMoney>
    <weaponTags>
      <li>SimpleGun</li>
      <li>GrenadeDestructive</li>
    </weaponTags>
    <weaponMoney>
      <min>200</min>
      <max>500</max>
    </weaponMoney>
    <apparelRequired>
      <li>VFES_Headgear_Bandana</li>
    </apparelRequired>
  </PawnKindDef>

  <PawnKindDef ParentName="MinoSettlerBase">
    <defName>Minotaur_Gunslinger</defName>
    <label>gunslinger</label>
    <trader>true</trader>
    <combatPower>60</combatPower>
    <isFighter>true</isFighter>
    <gearHealthRange>
      <min>1</min>
      <max>1</max>
    </gearHealthRange>
    <itemQuality>Normal</itemQuality>
    <weaponTags>
      <li>Gun</li>
      <li>Revolver</li>
    </weaponTags>
    <weaponMoney>
      <min>200</min>
      <max>300</max>
    </weaponMoney>
    <apparelMoney>
      <min>300</min>
      <max>600</max>
    </apparelMoney>
    <apparelTags>
      <li>Outlander</li>
      <li>IndustrialMilitaryBasic</li>
    </apparelTags>
    <apparelRequired>
      <li>VFES_Headgear_Sombrero</li>
    </apparelRequired>
  </PawnKindDef>

  <PawnKindDef ParentName="OutlanderBase">
    <defName>Minotaur_BanditLeader</defName>
    <label>bandit leader</label>
    <labelPlural>bandit leaders</labelPlural>
    <combatPower>75</combatPower>
    <factionLeader>true</factionLeader>
    <minGenerationAge>30</minGenerationAge>
    <isFighter>false</isFighter>
    <gearHealthRange>1~1</gearHealthRange>
    <itemQuality>Good</itemQuality>
    <weaponMoney>200~600</weaponMoney>
    <weaponTags>
      <li>Revolver</li>
    </weaponTags>
    <apparelMoney>700~1200</apparelMoney>
    <apparelTags>
      <li>IndustrialMilitaryBasic</li>
      <li>BeltDefensePop</li>
    </apparelTags>
    <techHediffsChance>0.15</techHediffsChance>
    <techHediffsMoney>600~1500</techHediffsMoney>
    <techHediffsTags>
      <li>Simple</li>
      <li>Advanced</li>
      <li>ImplantEmpireCommon</li>
    </techHediffsTags>
    <initialWillRange>3~5</initialWillRange>
    <initialResistanceRange>24~35</initialResistanceRange>
  </PawnKindDef>
  
  <PawnKindDef ParentName="MinoSettlerBase">
    <defName>Minotaur_Settler</defName>
    <label>settler</label>
    <combatPower>30</combatPower>
    <itemQuality>Poor</itemQuality>
    <isFighter>false</isFighter>
    <gearHealthRange>
      <min>0.2</min>
      <max>2.0</max>
    </gearHealthRange>
    <weaponTags>
      <li>SimpleGun</li>
      <li>GrenadeDestructive</li>
    </weaponTags>
    <apparelTags>
      <li>Outlander</li>
      <li>IndustrialBasic</li>
      <li>NeolithicRangedBasic</li>
    </apparelTags>
    <weaponMoney>
      <min>150</min>
      <max>250</max>
    </weaponMoney>
    <apparelMoney>
      <min>200</min>
      <max>400</max>
    </apparelMoney>
    <apparelAllowHeadgearChance>0.7</apparelAllowHeadgearChance>
  </PawnKindDef>

  <PawnKindDef ParentName="MinoSettlerBase">
    <defName>Minotaur_Deputy</defName>
    <label>deputy</label>
    <combatPower>60</combatPower>
    <isFighter>true</isFighter>
    <gearHealthRange>
      <min>0.8</min>
      <max>2</max>
    </gearHealthRange>
    <apparelTags>
      <li>Outlander</li>
    </apparelTags>
    <apparelMoney>
      <min>400</min>
      <max>600</max>
    </apparelMoney>
    <weaponTags>
      <li>Gun</li>
      <li>SimpleGun</li>
      <li>Revolver</li>
    </weaponTags>
    <weaponMoney>
      <min>300</min>
      <max>600</max>
    </weaponMoney>
    <apparelRequired>
      <li>VFES_Headgear_Sombrero</li>
    </apparelRequired>
  </PawnKindDef>

  <PawnKindDef ParentName="MinoSettlerBase">
    <defName>Minotaur_Militia</defName>
    <label>militia</label>
    <combatPower>50</combatPower>
    <isFighter>true</isFighter>
    <gearHealthRange>
      <min>0.6</min>
      <max>2</max>
    </gearHealthRange>
    <apparelTags>
      <li>IndustrialMilitaryBasic</li>
      <li>Outlander</li>
    </apparelTags>
    <apparelMoney>
      <min>400</min>
      <max>600</max>
    </apparelMoney>
    <weaponTags>
      <li>SimpleGun</li>
    </weaponTags>
    <weaponMoney>
      <min>200</min>
      <max>500</max>
    </weaponMoney>
    <apparelAllowHeadgearChance>0.7</apparelAllowHeadgearChance>
  </PawnKindDef>

  <PawnKindDef ParentName="MinoSettlerBase">
    <defName>Minotaur_Frontier_Trader</defName>
    <label>frontier trader</label>
    <trader>true</trader>
    <combatPower>50</combatPower>
    <isFighter>false</isFighter>
    <gearHealthRange>
      <min>1</min>
      <max>1</max>
    </gearHealthRange>
    <itemQuality>Normal</itemQuality>
    <weaponTags>
      <li>Gun</li>
      <li>SimpleGun</li>
    </weaponTags>
    <weaponMoney>
      <min>200</min>
      <max>300</max>
    </weaponMoney>
    <apparelMoney>
      <min>300</min>
      <max>600</max>
    </apparelMoney>
    <apparelTags>
      <li>Outlander</li>
      <li>IndustrialMilitaryBasic</li>
    </apparelTags>
    <apparelRequired>
      <li>VFES_Headgear_Sombrero</li>
    </apparelRequired>
  </PawnKindDef>

  <PawnKindDef ParentName="MinoSettlerBase">
    <defName>Minotaur_Sheriff</defName>
    <label>sheriff</label>
    <combatPower>70</combatPower>
    <minGenerationAge>30</minGenerationAge>
    <isFighter>false</isFighter>
    <gearHealthRange>
      <min>1</min>
      <max>1</max>
    </gearHealthRange>
    <itemQuality>Good</itemQuality>
    <weaponMoney>
      <min>200</min>
      <max>600</max>
    </weaponMoney>
    <weaponTags>
      <li>Revolver</li>
    </weaponTags>
    <apparelMoney>
      <min>700</min>
      <max>1200</max>
    </apparelMoney>
    <apparelTags>
      <li>Outlander</li>
      <li>IndustrialMilitaryBasic</li>
    </apparelTags>
  </PawnKindDef>

  <PawnKindDef ParentName="OutlanderBase">
    <defName>Minotaur_Mayor</defName>
    <label>mayor</label>
    <labelPlural>mayors</labelPlural>
    <combatPower>40</combatPower>
    <factionLeader>true</factionLeader>
    <minGenerationAge>30</minGenerationAge>
    <isFighter>false</isFighter>
    <gearHealthRange>1~1</gearHealthRange>
    <itemQuality>Good</itemQuality>
    <weaponMoney>200~200</weaponMoney>
    <weaponTags>
      <li>Revolver</li>
    </weaponTags>
    <apparelMoney>700~1200</apparelMoney>
    <apparelTags>
      <li>IndustrialMilitaryBasic</li>
      <li>BeltDefensePop</li>
    </apparelTags>
    <apparelRequired>
      <li>VFES_Headgear_FlatCap</li>
    </apparelRequired>
    <techHediffsChance>0.15</techHediffsChance>
    <techHediffsMoney>600~1500</techHediffsMoney>
    <techHediffsTags>
      <li>Simple</li>
      <li>Advanced</li>
      <li>ImplantEmpireCommon</li>
    </techHediffsTags>
    <initialWillRange>3~5</initialWillRange>
    <initialResistanceRange>24~35</initialResistanceRange>
  </PawnKindDef>

</Defs>