<?xml version="1.0" encoding="utf-8"?>
<Defs>
    <PawnKindDef Name="VFEV_Minotaur_NordsmenBase" Abstract="True">
        <race>MinotaurRace</race>
        <defaultFactionType>VFEV_Minotaur_Viking_Clan</defaultFactionType>
        <maxGenerationAge>60</maxGenerationAge>
        <chemicalAddictionChance>0.05</chemicalAddictionChance>
        <invNutrition>2.55</invNutrition>
        <invFoodDef>Pemmican</invFoodDef>
        <apparelTags>
            <li>Neolithic</li>
            <li>Apparel_Viking</li>
        </apparelTags>
        <modExtensions>
            <li Class="VFEV.Facepaint.FacepaintExtension">
                <tags>
                    <li>Tribal</li>
                </tags>
                <color Class="ColorGenerator_Options">
                    <options>
                        <li>
                            <weight>10</weight>
                            <only>RGBA(0.89, 0.14, 0.14, 1)</only>
                        </li>
                        <li>
                            <weight>10</weight>
                            <only>RGBA(0.22, 0.27, 0.55, 1)</only>
                        </li>
                        <li>
                            <weight>10</weight>
                            <only>RGBA(1, 1, 1, 1)</only>
                        </li>
                    </options>
                </color>
            </li>
        </modExtensions>
        <initialWillRange>1~3</initialWillRange>
        <initialResistanceRange>12~20</initialResistanceRange>
    </PawnKindDef>
    <!-- Low tier - peasant, merchant, slaver, raider, archers -->
    <PawnKindDef ParentName="VFEV_Minotaur_NordsmenBase">
        <defName>VFEV_Minotaur_Viking_Peasant</defName>
        <label>peasant</label>
        <combatPower>35</combatPower>
        <chemicalAddictionChance>0.10</chemicalAddictionChance>
        <invNutrition>0</invNutrition>
        <itemQuality>Poor</itemQuality>
        <gearHealthRange>
            <min>0.2</min>
            <max>1.1</max>
        </gearHealthRange>
        <apparelMoney>
            <min>50</min>
            <max>125</max>
        </apparelMoney>
        <apparelTags Inherit="False">
            <li>Neolithic</li>
        </apparelTags>
        <weaponMoney>
            <min>90</min>
            <max>150</max>
        </weaponMoney>
        <apparelAllowHeadgearChance>0</apparelAllowHeadgearChance>
        <weaponTags>
            <li>NeolithicMeleeBasic</li>
        </weaponTags>
        <techHediffsMoney>
            <min>50</min>
            <max>50</max>
        </techHediffsMoney>
        <techHediffsTags>
            <li>Poor</li>
        </techHediffsTags>
        <techHediffsChance>0.15</techHediffsChance>
    </PawnKindDef>
    <PawnKindDef ParentName="VFEV_Minotaur_NordsmenBase">
        <defName>VFEV_Minotaur_Viking_Merchant</defName>
        <label>merchant</label>
        <combatPower>40</combatPower>
        <trader>true</trader>
        <isFighter>false</isFighter>
        <gearHealthRange>
            <min>1</min>
            <max>1</max>
        </gearHealthRange>
        <apparelMoney>
            <min>300</min>
            <max>500</max>
        </apparelMoney>
        <weaponMoney>
            <min>100</min>
            <max>150</max>
        </weaponMoney>
        <weaponTags>
            <li>VikingMeleeBasic</li>
        </weaponTags>
    </PawnKindDef>
    <PawnKindDef ParentName="VFEV_Minotaur_NordsmenBase">
        <defName>VFEV_Minotaur_Viking_Slaver</defName>
        <label>slaver</label>
        <combatPower>40</combatPower>
        <trader>true</trader>
        <isFighter>false</isFighter>
        <gearHealthRange>
            <min>1</min>
            <max>1</max>
        </gearHealthRange>
        <apparelMoney>
            <min>300</min>
            <max>500</max>
        </apparelMoney>
        <weaponMoney>
            <min>100</min>
            <max>150</max>
        </weaponMoney>
        <weaponTags>
            <li>NeolithicMeleeBasic</li>
        </weaponTags>
    </PawnKindDef>
    <PawnKindDef ParentName="VFEV_Minotaur_NordsmenBase">
        <defName>VFEV_Minotaur_Raider</defName>
        <label>raider</label>
        <combatPower>100</combatPower>
        <chemicalAddictionChance>0.10</chemicalAddictionChance>
        <invNutrition>0</invNutrition>
        <itemQuality>Poor</itemQuality>
        <gearHealthRange>0.2~1.1</gearHealthRange>
        <apparelMoney>250~700</apparelMoney>
        <weaponMoney>90~550</weaponMoney>
        <weaponTags>
            <li>VikingMeleeBasic</li>
            <li>VikingMeleeDecent</li>
            <li>VikingMeleeAdvanced</li>
            <li>MedievalMeleeDecent</li>
            <li>VikingRangedBasic</li>
        </weaponTags>
        <apparelAllowHeadgearChance>0</apparelAllowHeadgearChance>
        <techHediffsMoney>50~50</techHediffsMoney>
        <techHediffsTags>
            <li>Poor</li>
        </techHediffsTags>
        <techHediffsChance>0.15</techHediffsChance>
    </PawnKindDef>
    <PawnKindDef ParentName="VFEV_Minotaur_NordsmenBase">
        <defName>VFEV_Minotaur_Guardian</defName>
        <label>guardian</label>
        <combatPower>155</combatPower>
        <chemicalAddictionChance>0.10</chemicalAddictionChance>
        <invNutrition>2</invNutrition>
        <itemQuality>Normal</itemQuality>
        <gearHealthRange>0.2~1.1</gearHealthRange>
        <apparelMoney>450~1000</apparelMoney>
        <weaponMoney>290~550</weaponMoney>
        <weaponTags>
            <li>VikingMeleeBasic</li>
            <li>VikingMeleeDecent</li>
            <li>VikingMeleeAdvanced</li>
        </weaponTags>
        <apparelTags Inherit="False">
            <li>Apparel_VikingGuardian</li>
        </apparelTags>
        <apparelRequired>
            <li>VFEV_Apparel_GuardianArmor</li>
            <li>VFEV_Apparel_GuardianHelmet</li>
        </apparelRequired>
        <techHediffsMoney>50~50</techHediffsMoney>
        <techHediffsTags>
            <li>Poor</li>
        </techHediffsTags>
        <techHediffsChance>0.15</techHediffsChance>
        <initialWillRange>2~4</initialWillRange>
        <initialResistanceRange>17~22</initialResistanceRange>
    </PawnKindDef>
    <PawnKindDef ParentName="VFEV_Minotaur_NordsmenBase">
        <defName>VFEV_Minotaur_Ravager</defName>
        <label>ravager</label>
        <combatPower>175</combatPower>
        <chemicalAddictionChance>0.10</chemicalAddictionChance>
        <invNutrition>2</invNutrition>
        <itemQuality>Excellent</itemQuality>
        <gearHealthRange>0.2~1.1</gearHealthRange>
        <apparelMoney>450~1400</apparelMoney>
        <weaponMoney>290~550</weaponMoney>
        <weaponTags>
            <li>VikingMeleeDecent</li>
            <li>VikingMeleeAdvanced</li>
        </weaponTags>
        <apparelTags Inherit="False">
            <li>Apparel_VikingRavager</li>
        </apparelTags>
        <apparelRequired>
            <li>VFEV_Apparel_RavagerArmor</li>
            <li>VFEV_Apparel_RavagerHelmet</li>
        </apparelRequired>
        <techHediffsMoney>50~50</techHediffsMoney>
        <techHediffsTags>
            <li>Poor</li>
        </techHediffsTags>
        <techHediffsChance>0.15</techHediffsChance>
    </PawnKindDef>
    <PawnKindDef ParentName="VFEV_Minotaur_NordsmenBase">
        <defName>VFEV_Minotaur_Berserker</defName>
        <label>berserker</label>
        <combatPower>160</combatPower>
        <chemicalAddictionChance>0.10</chemicalAddictionChance>
        <invNutrition>2</invNutrition>
        <itemQuality>Excellent</itemQuality>
        <gearHealthRange>0.2~1.1</gearHealthRange>
        <apparelMoney>450~1000</apparelMoney>
        <weaponMoney>290~550</weaponMoney>
        <weaponTags>
            <li>VikingMeleeBasic</li>
            <li>VikingMeleeDecent</li>
            <li>VikingMeleeAdvanced</li>
        </weaponTags>
        <apparelTags Inherit='False'>
            <li>Apparel_Viking</li>
            <li>Apparel_VikingBerserker</li>
        </apparelTags>
        <techHediffsMoney>50~50</techHediffsMoney>
        <techHediffsTags>
            <li>Poor</li>
        </techHediffsTags>
        <techHediffsChance>0.15</techHediffsChance>
    </PawnKindDef>
    <PawnKindDef ParentName="VFEV_Minotaur_NordsmenBase" Name="VFEV_Minotaur_NordsmenArcherBase" Abstract="True">
        <combatPower>48</combatPower>
        <itemQuality>Poor</itemQuality>
        <gearHealthRange>0.5~1.8</gearHealthRange>
        <apparelMoney>180~550</apparelMoney>
        <weaponMoney>80~160</weaponMoney>
        <weaponTags>
            <li>NeolithicRangedBasic</li>
        </weaponTags>
        <techHediffsMoney>50~50</techHediffsMoney>
        <techHediffsTags>
            <li>Poor</li>
        </techHediffsTags>
        <techHediffsChance>0.03</techHediffsChance>
    </PawnKindDef>
    <PawnKindDef ParentName="VFEV_Minotaur_NordsmenArcherBase">
        <defName>VFEV_Minotaur_Archer</defName>
        <label>archer</label>
        <combatPower>100</combatPower>
        <itemQuality>Poor</itemQuality>
        <gearHealthRange>0.5~1.8</gearHealthRange>
        <apparelMoney>180~550</apparelMoney>
        <weaponMoney>80~160</weaponMoney>
        <apparelTags>
            <li>Apparel_Viking</li>
        </apparelTags>
        <apparelAllowHeadgearChance>0</apparelAllowHeadgearChance>
        <weaponTags>
            <li>NeolithicRangedBasic</li>
        </weaponTags>
        <techHediffsMoney>50~50</techHediffsMoney>
        <techHediffsTags>
            <li>Poor</li>
        </techHediffsTags>
        <techHediffsChance>0.03</techHediffsChance>
    </PawnKindDef>
    <PawnKindDef ParentName="VFEV_Minotaur_NordsmenBase">
        <defName>VFEV_Minotaur_Shieldbearer</defName>
        <label>shieldbearer</label>
        <combatPower>100</combatPower>
        <canBeSapper>true</canBeSapper>
        <apparelMoney>200~750</apparelMoney>
        <weaponMoney>300~400</weaponMoney>
        <weaponTags>
            <li>MedievalMeleeDecent</li>
            <li>VikingMeleeBasic</li>
            <li>VikingMeleeDecent</li>
        </weaponTags>
        <apparelAllowHeadgearChance>0</apparelAllowHeadgearChance>
        <modExtensions Inherit="False">
            <li Class="VFECore.PawnKindDefExtension">
                <factionColourApparelPartList>
                    <li>Torso</li>
                </factionColourApparelPartList>
                <factionColourApparelLayerList>
                    <li>VFEC_OuterShell</li>
                </factionColourApparelLayerList>
                <shieldMoney>
                    <min>100</min>
                    <max>1000</max>
                </shieldMoney>
                <shieldTags>
                    <li>VikingBasic</li>
                </shieldTags>
            </li>
        </modExtensions>
    </PawnKindDef>
    <PawnKindDef ParentName="VFEV_Minotaur_NordsmenBase">
        <defName>VFEV_Minotaur_ShieldedGuardian</defName>
        <label>guardian</label>
        <combatPower>155</combatPower>
        <chemicalAddictionChance>0.10</chemicalAddictionChance>
        <invNutrition>2</invNutrition>
        <itemQuality>Normal</itemQuality>
        <gearHealthRange>0.2~1.1</gearHealthRange>
        <apparelMoney>250~1000</apparelMoney>
        <weaponMoney>290~650</weaponMoney>
        <weaponTags>
            <li>MedievalMeleeDecent</li>
            <li>VikingMeleeBasic</li>
            <li>VikingMeleeDecent</li>
        </weaponTags>
        <apparelRequired>
            <li>VFEV_Apparel_GuardianArmor</li>
            <li>VFEV_Apparel_GuardianHelmet</li>
        </apparelRequired>
        <apparelTags Inherit="False">
            <li>Apparel_VikingGuardian</li>
        </apparelTags>
        <techHediffsMoney>50~50</techHediffsMoney>
        <techHediffsTags>
            <li>Poor</li>
        </techHediffsTags>
        <techHediffsChance>0.15</techHediffsChance>
        <modExtensions Inherit="False">
            <li Class="VFECore.PawnKindDefExtension">
                <factionColourApparelPartList>
                    <li>Torso</li>
                </factionColourApparelPartList>
                <factionColourApparelLayerList>
                    <li>VFEC_OuterShell</li>
                </factionColourApparelLayerList>
                <shieldMoney>
                    <min>100</min>
                    <max>1000</max>
                </shieldMoney>
                <shieldTags>
                    <li>VikingBasic</li>
                </shieldTags>
            </li>
        </modExtensions>
        <initialWillRange>2~4</initialWillRange>
        <initialResistanceRange>17~22</initialResistanceRange>
    </PawnKindDef>
    <PawnKindDef ParentName="VFEV_Minotaur_NordsmenBase">
        <defName>VFEV_Minotaur_ShieldedRavager</defName>
        <label>ravager</label>
        <combatPower>175</combatPower>
        <chemicalAddictionChance>0.10</chemicalAddictionChance>
        <invNutrition>2</invNutrition>
        <itemQuality>Excellent</itemQuality>
        <gearHealthRange>0.2~1.1</gearHealthRange>
        <apparelMoney>450~1400</apparelMoney>
        <weaponMoney>290~650</weaponMoney>
        <weaponTags>
            <li>MedievalMeleeDecent</li>
            <li>VikingMeleeBasic</li>
            <li>VikingMeleeDecent</li>
        </weaponTags>
        <apparelTags Inherit="False">
            <li>Apparel_VikingRavager</li>
        </apparelTags>
        <apparelRequired>
            <li>VFEV_Apparel_RavagerArmor</li>
            <li>VFEV_Apparel_RavagerHelmet</li>
        </apparelRequired>
        <techHediffsMoney>50~50</techHediffsMoney>
        <techHediffsTags>
            <li>Poor</li>
        </techHediffsTags>
        <techHediffsChance>0.15</techHediffsChance>
        <modExtensions Inherit="False">
            <li Class="VFECore.PawnKindDefExtension">
                <factionColourApparelPartList>
                    <li>Torso</li>
                </factionColourApparelPartList>
                <factionColourApparelLayerList>
                    <li>VFEC_OuterShell</li>
                </factionColourApparelLayerList>
                <shieldMoney>
                    <min>100</min>
                    <max>1000</max>
                </shieldMoney>
                <shieldTags>
                    <li>VikingBasic</li>
                </shieldTags>
            </li>
        </modExtensions>
    </PawnKindDef>
    <PawnKindDef ParentName="VFEV_Minotaur_NordsmenBase" Name="VFEV_NordsmeHousecarlBase" Abstract="True">
        <combatPower>230</combatPower>
        <baseRecruitDifficulty>0.90</baseRecruitDifficulty>
        <minGenerationAge>30</minGenerationAge>
        <maxGenerationAge>70</maxGenerationAge>
        <itemQuality>Normal</itemQuality>
        <factionLeader>true</factionLeader>
        <canBeSapper>true</canBeSapper>
        <apparelMoney>1450~1750</apparelMoney>
        <weaponMoney>500~1000</weaponMoney>
        <apparelTags>
            <li>Apparel_VikingJarl</li>
            <li>Apparel_Viking</li>
        </apparelTags>
        <initialWillRange>4~5</initialWillRange>
        <initialResistanceRange>22~35</initialResistanceRange>
    </PawnKindDef>
    <PawnKindDef ParentName="VFEV_NordsmeHousecarlBase">
        <defName>VFEV_Minotaur_HousecarlMelee</defName>
        <label>housecarl</label>
        <weaponTags>
            <li>VikingMeleeAdvanced</li>
            <li>VikingMeleeDecent</li>
            <li>MedievalMeleeAdvanced</li>
        </weaponTags>
    </PawnKindDef>
    <PawnKindDef ParentName="VFEV_NordsmeHousecarlBase">
        <defName>VFEV_Minotaur_HousecarlRanged</defName>
        <label>housecarl</label>
        <weaponTags>
            <li>NeolithicRangedChief</li>
        </weaponTags>
    </PawnKindDef>
</Defs>