<Patch>
    <Operation Class="PatchOperationAddModExtension">

        <!-- This xpath is not the same as a texture path, it's wierd like that. Most of the time you will only have to change the defName="xxx" part -->
        <xpath>/Defs/ThingDef[defName="Apparel_PowerArmorHelmet"]</xpath>
        <value>
            <li Class="RaceSpecificApparel.RaceSpecific">
                <races> <!-- You were missing this races tag -->
                    <li>
                        <race>MinotaurRace</race> <!-- This was spelled incorrectly. It has to correspond to your race def file -->
                        <customPath>Things/Pawn/Minotaur/Apparel/PowerArmorHelmet/PowerArmorHelmet</customPath>
                    </li>
                </races>                
            </li>
        </value>
    </Operation>

    <Operation Class="PatchOperationAddModExtension">

        <!-- This xpath is not the same as a texture path, it's wierd like that. Most of the time you will only have to change the defName="xxx" part -->
        <xpath>/Defs/ThingDef[defName="Apparel_ArmorHelmetRecon"]</xpath>
        <value>
            <li Class="RaceSpecificApparel.RaceSpecific">
                <races> <!-- You were missing this races tag -->
                    <li>
                        <race>MinotaurRace</race> <!-- This was spelled incorrectly. It has to correspond to your race def file -->
                        <customPath>Things/Pawn/Minotaur/Apparel/ReconArmorHelmet/ReconHelmet</customPath>
                    </li>
                </races>                
            </li>
        </value>
    </Operation>

    <Operation Class="PatchOperationAddModExtension">

        <!-- This xpath is not the same as a texture path, it's wierd like that. Most of the time you will only have to change the defName="xxx" part -->
        <xpath>/Defs/ThingDef[defName="Apparel_WarVeil"]</xpath>
        <value>
            <li Class="RaceSpecificApparel.RaceSpecific">
                <races> <!-- You were missing this races tag -->
                    <li>
                        <race>MinotaurRace</race> <!-- This was spelled incorrectly. It has to correspond to your race def file -->
                        <customPath>Things/Pawn/Minotaur/Apparel/Veil/Veil</customPath>

                        <autoStyle>false</autoStyle>
                    </li>
                </races>                
            </li>
        </value>
    </Operation>

    <Operation Class="PatchOperationAddModExtension">

        <!-- This xpath is not the same as a texture path, it's wierd like that. Most of the time you will only have to change the defName="xxx" part -->
        <xpath>/Defs/ThingDef[defName="Apparel_WarMask"]</xpath>
        <value>
            <li Class="RaceSpecificApparel.RaceSpecific">
                <races> <!-- You were missing this races tag -->
                    <li>
                        <race>MinotaurRace</race> <!-- This was spelled incorrectly. It has to correspond to your race def file -->
                        <customPath>Things/Pawn/Minotaur/Apparel/WarMask/WarMask</customPath>
                    </li>
                </races>                
            </li>
        </value>
    </Operation>
</Patch>