﻿<?xml version="1.0" encoding="utf-8" ?>
<Defs>

  <FactionDef ParentName="FactionBase" Abstract="True" Name="PlayerFactionBase">
    <settlementTexturePath>World/WorldObjects/DefaultSettlement</settlementTexturePath>
    <playerInitialSettlementNameMaker>NamerInitialSettlementColony</playerInitialSettlementNameMaker>
    <colorSpectrum>
      <li>(0, 0.737, 0.847)</li>
    </colorSpectrum>
  </FactionDef>
  
  <FactionDef ParentName="PlayerFactionBase">
    <defName>MinotaurPlayerColony</defName>
    <label>New Minotaur Arrivals</label>
    <description>A colony of recently-arrived minotaur off-worlders.</description>
    <isPlayer>true</isPlayer>
    <basicMemberKind>MinotaurColonist</basicMemberKind>
    <pawnSingular>colonist</pawnSingular>
    <pawnsPlural>colonists</pawnsPlural>
    <techLevel>Industrial</techLevel>
    <factionNameMaker>NamerFactionOutlander</factionNameMaker>
    <settlementNameMaker>NamerSettlementOutlander</settlementNameMaker>
    <allowedCultures><li>Astropolitan</li></allowedCultures>
    <backstoryFilters>
      <li>
        <categories>
          <li>Offworld</li>
        </categories>
      </li>
    </backstoryFilters>
    <factionIconPath>World/WorldObjects/Expanding/Town</factionIconPath>
    <geneticVariance>1</geneticVariance>
    <startingResearchTags>
      <li>ClassicStart</li>
    </startingResearchTags>
    <startingTechprintsResearchTags>
      <li>ClassicStart</li>
      <li>ClassicStartTechprints</li>
    </startingTechprintsResearchTags>
    <apparelStuffFilter>
      <thingDefs>
        <li>Synthread</li>
      </thingDefs>
    </apparelStuffFilter>
  </FactionDef>
  
  <FactionDef ParentName="PlayerFactionBase">
    <defName>MinotaurPlayerTribe</defName>
    <label>New Minotaur Tribe</label>
    <description>A small minotaur tribe.</description>
    <isPlayer>true</isPlayer>
    <categoryTag>Tribal</categoryTag>
    <pawnSingular>tribesman</pawnSingular>
    <pawnsPlural>tribespeople</pawnsPlural>
    <basicMemberKind>MinotaurTribesperson</basicMemberKind>
    <techLevel>Neolithic</techLevel>
    <factionNameMaker>NamerFactionTribal</factionNameMaker>
    <settlementNameMaker>NamerSettlementTribal</settlementNameMaker>
    <allowedCultures>
      <li>Corunan</li>
    </allowedCultures>
    <disallowedMemes>
      <li MayRequire="Ludeon.RimWorld.Ideology">Transhumanist</li>
    </disallowedMemes>
    <backstoryFilters>
      <li>
        <categories>
          <li>Tribal</li>
        </categories>
      </li>
    </backstoryFilters>
    <factionIconPath>World/WorldObjects/Expanding/Village</factionIconPath>
    <settlementTexturePath>World/WorldObjects/TribalSettlement</settlementTexturePath>
    <geneticVariance>1</geneticVariance>
    <forageabilityFactor>1.7</forageabilityFactor>
    <startingResearchTags>
      <li>TribalStart</li>
    </startingResearchTags>
    <startingTechprintsResearchTags>
      <li>TribalStart</li>
      <li>TribalStartTechprints</li>
    </startingTechprintsResearchTags>
    <apparelStuffFilter>
      <thingDefs>
        <li>Cloth</li>
      </thingDefs>
    </apparelStuffFilter>
    <recipePrerequisiteTags>
      <li>Tribal</li>
    </recipePrerequisiteTags>
  </FactionDef>

</Defs>