<Patch>
    <Operation Class="PatchOperationAddModExtension">

        <!-- This xpath is not the same as a texture path, it's wierd like that. Most of the time you will only have to change the defName="xxx" part -->
        <xpath>/Defs/ThingDef[defName="VAE_Headgear_GasMask"]</xpath>
        <value>
            <li Class="RaceSpecificApparel.RaceSpecific">
                <races> <!-- You were missing this races tag -->
                    <li>
                        <race>MinotaurRace</race> <!-- This was spelled incorrectly. It has to correspond to your race def file -->
                        <customPath>Things/Pawn/Minotaur/Apparel/VAPPE_GasMask/GasMask</customPath>

                        <autoStyle>false</autoStyle>
                    </li>
                </races>                
            </li>
        </value>
    </Operation>
    
    <Operation Class="PatchOperationAddModExtension">

        <!-- This xpath is not the same as a texture path, it's wierd like that. Most of the time you will only have to change the defName="xxx" part -->
        <xpath>/Defs/ThingDef[defName="VAE_Headgear_SurgicalMask"]</xpath>
        <value>
            <li Class="RaceSpecificApparel.RaceSpecific">
                <races> <!-- You were missing this races tag -->
                    <li>
                        <race>MinotaurRace</race> <!-- This was spelled incorrectly. It has to correspond to your race def file -->
                        <customPath>Things/Pawn/Minotaur/Apparel/VAPPE_SurgicalMask/SurgicalMask</customPath>

                        <autoStyle>false</autoStyle>
                    </li>
                </races>                
            </li>
        </value>
    </Operation>
</Patch>